Workbook

Sheet 관리비계산
A1: 웰스타임 관리비 계산표
A2: 노란칸( )에만 매달 숫자를 입력하세요. 파란칸은 자동으로 계산됩니다.
A4: ■ 이번 달 입력값
A5: 청구 연월 | B5: 2026 | C5: 년 | D5: 7 | E5: 월
A6: 수도 | B6: 전체사용량(t) | C6: 244 | E6: 납기요금 | F6: 760500 | H6: 사용기간 | I6: 05.22-06.21 | K6: 검침일 | L6: 21
A7: 전기 | B7: 기본요금 | C7: 203280 | E7: 전기(전력량)요금 | F7: 439160 | H7: 전력기금 | I7: 15760 | K7: 사용기간 | L7: 05.04-06.03
A8: 단가·율 | B8: 평당 관리비 | C8: 4000 | E8: 청소비품(세대당) | F8: 4400 | H8: 연체료율 | I8: 0.015
A9: ■ 자동 계산 (건드리지 마세요)
A10: 수도 | B10: 단위요금 | C10: =IF(C6=0,0,F6/C6) | E10: 공용수도금액 | F10: =F6-SUM(E14:E20) | H10: 전기 당월요금 | I10: =C7+F7+I7 | K10: 지분합계 | L10: =SUM(C14:C20)
A12: 세대 정보 | D12: 수 도 | G12: 전기 | H12: 일반 관리비 | K12: 당월 | L12: 미납·연체 | N12: 청구 금액
A13: 세대명 | B13: 분양평수 | C13: 공용지분율 | D13: 수도사용량(t) | E13: 세대상수도료 | F13: 공동수도료 | G13: 전기료 | H13: 일반관리비 | I13: 부가세 | J13: 청소비품 | K13: 당월부과액 | L13: 미납액 | M13: 미납연체료 | N13: 납기내금액 | O13: 납기후금액
A14: 원유로 | B14: 44 | C14: =IF($B$21=0,0,B14/$B$21) | D14: 7 | E14: =ROUND($C$10*D14,0) | F14: =ROUND($F$10*C14,0) | G14: =ROUND($I$10*C14,0) | H14: =ROUND(B14*$C$8,0) | I14: =ROUND(H14*10%,0) | J14: =$F$8 | K14: =E14+F14+G14+H14+I14+J14 | L14: 0 | M14: =ROUND(L14*$I$8,0) | N14: =K14+L14+M14 | O14: =ROUND(N14*(1+$I$8),0)
A15: 와플칸 | B15: 10 | C15: =IF($B$21=0,0,B15/$B$21) | D15: 9 | E15: =ROUND($C$10*D15,0) | F15: =ROUND($F$10*C15,0) | G15: =ROUND($I$10*C15,0) | H15: =ROUND(B15*$C$8,0) | I15: =ROUND(H15*10%,0) | J15: =$F$8 | K15: =E15+F15+G15+H15+I15+J15 | L15: 0 | M15: =ROUND(L15*$I$8,0) | N15: =K15+L15+M15 | O15: =ROUND(N15*(1+$I$8),0)
A16: 에바돈카츠 | B16: 31 | C16: =IF($B$21=0,0,B16/$B$21) | D16: 38 | E16: =ROUND($C$10*D16,0) | F16: =ROUND($F$10*C16,0) | G16: =ROUND($I$10*C16,0) | H16: =ROUND(B16*$C$8,0) | I16: =ROUND(H16*10%,0) | J16: =$F$8 | K16: =E16+F16+G16+H16+I16+J16 | L16: 0 | M16: =ROUND(L16*$I$8,0) | N16: =K16+L16+M16 | O16: =ROUND(N16*(1+$I$8),0)
A17: 드림스터디 | B17: 207 | C17: =IF($B$21=0,0,B17/$B$21) | D17: 3 | E17: =ROUND($C$10*D17,0) | F17: =ROUND($F$10*C17,0) | G17: =ROUND($I$10*C17,0) | H17: =ROUND(B17*$C$8,0) | I17: =ROUND(H17*10%,0) | J17: =$F$8 | K17: =E17+F17+G17+H17+I17+J17 | L17: 0 | M17: =ROUND(L17*$I$8,0) | N17: =K17+L17+M17 | O17: =ROUND(N17*(1+$I$8),0)
A18: 아기고래 | B18: 62 | C18: =IF($B$21=0,0,B18/$B$21) | D18: 4 | E18: =ROUND($C$10*D18,0) | F18: =ROUND($F$10*C18,0) | G18: =ROUND($I$10*C18,0) | H18: =ROUND(B18*$C$8,0) | I18: =ROUND(H18*10%,0) | J18: =$F$8 | K18: =E18+F18+G18+H18+I18+J18 | L18: 0 | M18: =ROUND(L18*$I$8,0) | N18: =K18+L18+M18 | O18: =ROUND(N18*(1+$I$8),0)
A19: 카카오3F | B19: 207 | C19: =IF($B$21=0,0,B19/$B$21) | D19: 5 | E19: =ROUND($C$10*D19,0) | F19: =ROUND($F$10*C19,0) | G19: =ROUND($I$10*C19,0) | H19: =ROUND(B19*$C$8,0) | I19: =ROUND(H19*10%,0) | J19: =$F$8 | K19: =E19+F19+G19+H19+I19+J19 | L19: 0 | M19: =ROUND(L19*$I$8,0) | N19: =K19+L19+M19 | O19: =ROUND(N19*(1+$I$8),0)
A20: 영종스크린4F | B20: 207 | C20: =IF($B$21=0,0,B20/$B$21) | D20: 0 | E20: =ROUND($C$10*D20,0) | F20: =ROUND($F$10*C20,0) | G20: =ROUND($I$10*C20,0) | H20: =ROUND(B20*$C$8,0) | I20: =ROUND(H20*10%,0) | J20: =$F$8 | K20: =E20+F20+G20+H20+I20+J20 | L20: 0 | M20: =ROUND(L20*$I$8,0) | N20: =K20+L20+M20 | O20: =ROUND(N20*(1+$I$8),0)
A21: 합 계 | B21: =SUM(B14:B20) | C21: =SUM(C14:C20) | D21: =SUM(D14:D20) | E21: =SUM(E14:E20) | F21: =SUM(F14:F20) | G21: =SUM(G14:G20) | H21: =SUM(H14:H20) | I21: =SUM(I14:I20) | ... O21: =SUM(O14:O20)

Sheet 원유로
A1: 관 리 비 청 구 서
A2: 웰스타임 관리사무소
B4: =관리비계산!B5&"년 "&관리비계산!D5&"월분"
B5: 세대명 | C5: 원유로 (105호)
B7: 항목 | C7: 금액
B8: 일반관리비 | C8: =관리비계산!H14
B9: 관리비 부가세 | C9: =관리비계산!I14
B10: 청소비품 | C10: =관리비계산!J14
B11: 세대 상수도료 | C11: =관리비계산!E14
B12: 공동 수도료 | C12: =관리비계산!F14
B13: 전기료(공용) | C13: =관리비계산!G14
B14: 당월부과액 계 | C14: =관리비계산!K14
B15: 전월 미납액 | C15: =관리비계산!L14
B16: 미납 연체료(1.5%) | C16: =관리비계산!M14
B17: 납기내 금액 | C17: =관리비계산!N14
B18: 납기후 금액 | C18: =관리비계산!O14
B20: 납부기한 : 매월 말일
B21: 입금계좌 : 신협 137-010-094596 유성진(웰스타임)
B22: 위 금액을 청구합니다. 웰스타임 관리사무소

Sheet 와플칸
A1: 관 리 비 청 구 서
A2: 웰스타임 관리사무소
B4: =관리비계산!B5&"년 "&관리비계산!D5&"월분"
B5: 세대명 | C5: 와플칸
B7: 항목 | C7: 금액
B8: 일반관리비 | C8: =관리비계산!H15
B9: 관리비 부가세 | C9: =관리비계산!I15
B10: 청소비품 | C10: =관리비계산!J15
B11: 세대 상수도료 | C11: =관리비계산!E15
B12: 공동 수도료 | C12: =관리비계산!F15
B13: 전기료(공용) | C13: =관리비계산!G15
B14: 당월부과액 계 | C14: =관리비계산!K15
B15: 전월 미납액 | C15: =관리비계산!L15
B16: 미납 연체료(1.5%) | C16: =관리비계산!M15
B17: 납기내 금액 | C17: =관리비계산!N15
B18: 납기후 금액 | C18: =관리비계산!O15
B20: 납부기한 : 매월 말일
B21: 입금계좌 : 신협 137-010-094596 유성진(웰스타임)
B22: 위 금액을 청구합니다. 웰스타임 관리사무소

Sheet 에바돈카츠
A1: 관 리 비 청 구 서
A2: 웰스타임 관리사무소
B4: =관리비계산!B5&"년 "&관리비계산!D5&"월분"
B5: 세대명 | C5: 에바돈카츠
B7: 항목 | C7: 금액
B8: 일반관리비 | C8: =관리비계산!H16
B9: 관리비 부가세 | C9: =관리비계산!I16
B10: 청소비품 | C10: =관리비계산!J16
B11: 세대 상수도료 | C11: =관리비계산!E16
B12: 공동 수도료 | C12: =관리비계산!F16
B13: 전기료(공용) | C13: =관리비계산!G16
B14: 당월부과액 계 | C14: =관리비계산!K16
B15: 전월 미납액 | C15: =관리비계산!L16
B16: 미납 연체료(1.5%) | C16: =관리비계산!M16
B17: 납기내 금액 | C17: =관리비계산!N16
B18: 납기후 금액 | C18: =관리비계산!O16
B20: 납부기한 : 매월 말일
B21: 입금계좌 : 신협 137-010-094596 유성진(웰스타임)
B22: 위 금액을 청구합니다. 웰스타임 관리사무소

Sheet 드림스터디
A1: 관 리 비 청 구 서
A2: 웰스타임 관리사무소
B4: =관리비계산!B5&"년 "&관리비계산!D5&"월분"
B5: 세대명 | C5: 드림스터디
B7: 항목 | C7: 금액
B8: 일반관리비 | C8: =관리비계산!H17
B9: 관리비 부가세 | C9: =관리비계산!I17
B10: 청소비품 | C10: =관리비계산!J17
B11: 세대 상수도료 | C11: =관리비계산!E17
B12: 공동 수도료 | C12: =관리비계산!F17
B13: 전기료(공용) | C13: =관리비계산!G17
B14: 당월부과액 계 | C14: =관리비계산!K17
B15: 전월 미납액 | C15: =관리비계산!L17
B16: 미납 연체료(1.5%) | C16: =관리비계산!M17
B17: 납기내 금액 | C17: =관리비계산!N17
B18: 납기후 금액 | C18: =관리비계산!O17
B20: 납부기한 : 매월 말일
B21: 입금계좌 : 신협 137-010-094596 유성진(웰스타임)
B22: 위 금액을 청구합니다. 웰스타임 관리사무소

Sheet 아기고래
A1: 관 리 비 청 구 서
A2: 웰스타임 관리사무소
B4: =관리비계산!B5&"년 "&관리비계산!D5&"월분"
B5: 세대명 | C5: 아기고래
B7: 항목 | C7: 금액
B8: 일반관리비 | C8: =관리비계산!H18
B9: 관리비 부가세 | C9: =관리비계산!I18
B10: 청소비품 | C10: =관리비계산!J18
B11: 세대 상수도료 | C11: =관리비계산!E18
B12: 공동 수도료 | C12: =관리비계산!F18
B13: 전기료(공용) | C13: =관리비계산!G18
B14: 당월부과액 계 | C14: =관리비계산!K18
B15: 전월 미납액 | C15: =관리비계산!L18
B16: 미납 연체료(1.5%) | C16: =관리비계산!M18
B17: 납기내 금액 | C17: =관리비계산!N18
B18: 납기후 금액 | C18: =관리비계산!O18
B20: 납부기한 : 매월 말일
B21: 입금계좌 : 신협 137-010-094596 유성진(웰스타임)
B22: 위 금액을 청구합니다. 웰스타임 관리사무소

Sheet 카카오3F
A1: 관 리 비 청 구 서
A2: 웰스타임 관리사무소
B4: =관리비계산!B5&"년 "&관리비계산!D5&"월분"
B5: 세대명 | C5: 카카오3F
B7: 항목 | C7: 금액
B8: 일반관리비 | C8: =관리비계산!H19
B9: 관리비 부가세 | C9: =관리비계산!I19
B10: 청소비품 | C10: =관리비계산!J19
B11: 세대 상수도료 | C11: =관리비계산!E19
B12: 공동 수도료 | C12: =관리비계산!F19
B13: 전기료(공용) | C13: =관리비계산!G19
B14: 당월부과액 계 | C14: =관리비계산!K19
B15: 전월 미납액 | C15: =관리비계산!L19
B16: 미납 연체료(1.5%) | C16: =관리비계산!M19
B17: 납기내 금액 | C17: =관리비계산!N19
B18: 납기후 금액 | C18: =관리비계산!O19
B20: 납부기한 : 매월 말일
B21: 입금계좌 : 신협 137-010-094596 유성진(웰스타임)
B22: 위 금액을 청구합니다. 웰스타임 관리사무소

Sheet 영종스크린4F
A1: 관 리 비 청 구 서
A2: 웰스타임 관리사무소
B4: =관리비계산!B5&"년 "&관리비계산!D5&"월분"
B5: 세대명 | C5: 영종스크린4F
B7: 항목 | C7: 금액
B8: 일반관리비 | C8: =관리비계산!H20
B9: 관리비 부가세 | C9: =관리비계산!I20
B10: 청소비품 | C10: =관리비계산!J20
B11: 세대 상수도료 | C11: =관리비계산!E20
B12: 공동 수도료 | C12: =관리비계산!F20
B13: 전기료(공용) | C13: =관리비계산!G20
B14: 당월부과액 계 | C14: =관리비계산!K20
B15: 전월 미납액 | C15: =관리비계산!L20
B16: 미납 연체료(1.5%) | C16: =관리비계산!M20
B17: 납기내 금액 | C17: =관리비계산!N20
B18: 납기후 금액 | C18: =관리비계산!O20
B20: 납부기한 : 매월 말일
B21: 입금계좌 : 신협 137-010-094596 유성진(웰스타임)
B22: 위 금액을 청구합니다. 웰스타임 관리사무소
